order_id,basket_size,promo_flag,store_format,high_margin
1,340.39,0,A,1
2,221.83,0,C,0
3,264.55,1,A,0
4,489.44,1,B,1
5,98.17,0,A,0
6,375.82,0,B,1
7,26.33,1,B,0
8,33.97,0,D,0
9,181.53,0,D,0
10,346.65,1,D,1
11,471.95,0,B,1
12,92.82,0,B,0
13,210.14,1,A,0
14,422.27,1,A,1
15,37.71,0,D,0
16,473.91,0,D,1
17,14.06,1,C,0
18,142.86,1,B,0
19,327.01,0,B,1
20,194.28,0,B,0
21,44.65,1,D,0
22,277.0,0,C,0
23,61.2,1,B,0
24,32.15,1,B,0
25,59.05,0,C,0
26,354.47,0,A,1
27,458.49,0,D,1
28,208.87,0,D,0
29,188.07,0,A,0
30,128.14,0,A,0
31,447.77,0,A,1
32,186.64,0,B,0
33,240.57,0,B,0
34,368.67,1,C,1
35,492.85,0,A,1
36,280.7,0,A,0
37,329.85,1,A,1
38,184.71,0,C,0
39,427.73,0,B,1
40,311.24,1,C,1
41,394.7,1,D,1
42,44.9,1,D,0
43,312.08,1,B,1
44,316.01,0,C,1
45,377.65,1,A,1
46,171.96,1,B,0
47,166.22,0,D,0
48,426.01,1,D,1
49,130.5,1,C,0
50,180.49,1,C,0
51,11.62,1,B,0
52,453.45,1,B,1
53,175.16,0,C,0
54,144.13,0,D,0
55,408.94,1,B,1
56,473.56,0,B,1
57,387.97,0,A,1
58,298.66,0,D,1
59,194.57,1,D,0
60,487.8,0,C,1
61,274.31,0,A,0
62,302.31,1,B,1
63,116.9,0,C,0
64,46.64,1,C,0
65,466.59,0,B,1
66,341.63,1,A,1
67,68.39,0,B,0
68,470.5,0,D,1
69,122.24,0,D,0
70,126.1,0,C,0
71,72.89,0,A,0
72,216.5,1,D,0
73,458.0,1,D,1
74,24.53,1,A,0
75,483.74,1,D,1
76,279.6,0,C,0
77,421.52,0,B,1
78,60.27,0,C,0
79,375.23,1,C,1
80,363.16,1,A,1
81,373.75,0,C,1
82,62.31,1,D,0
83,385.86,0,D,1
84,206.44,1,C,0
85,158.49,1,A,0
86,363.38,1,D,1
87,324.98,1,B,1
88,206.13,0,A,0
89,214.93,0,B,0
90,430.81,0,D,1
91,223.1,1,D,0
92,118.23,0,D,0
93,127.18,0,B,0
94,103.8,1,B,0
95,173.38,0,D,0
96,454.92,1,C,1
97,81.76,1,C,0
98,418.9,0,A,1
99,442.59,0,C,1
100,257.07,0,C,0
101,324.99,1,C,1
102,304.28,0,D,1
103,271.11,0,A,0
104,133.01,1,D,0
105,341.52,0,B,1
106,387.72,0,A,1
107,373.89,0,D,1
108,353.27,0,A,1
109,139.53,1,B,0
110,276.84,0,B,0
111,382.97,1,C,1
112,213.14,0,C,0
113,233.98,1,D,0
114,41.18,0,D,0
115,411.27,0,B,1
116,300.96,1,B,1
117,47.34,0,D,0
118,112.88,1,B,0
119,265.94,1,B,0
120,77.37,0,A,0
121,181.02,0,D,0
122,64.33,0,A,0
123,265.46,0,D,0
124,60.48,1,A,0
125,317.15,1,C,1
126,202.42,0,D,0
127,302.34,1,D,1
128,438.44,1,B,1
129,304.94,0,B,1
130,269.39,0,A,0
131,357.16,0,D,1
132,497.8,1,C,1
133,479.97,0,C,1
134,196.74,0,C,0
135,427.1,0,B,1
136,270.99,1,D,0
137,339.88,0,B,1
138,107.4,0,C,0
139,449.78,1,C,1
140,465.49,1,B,1
141,160.35,1,C,0
142,61.93,1,D,0
143,411.36,0,D,1
144,189.42,1,B,0
145,360.03,1,C,1
146,108.55,1,D,0
147,402.51,0,D,1
148,134.31,0,D,0
149,64.52,0,D,0
150,396.29,1,D,1
151,493.16,0,B,1
152,300.78,1,A,1
153,427.31,0,D,1
154,71.68,0,A,0
155,399.98,0,D,1
156,137.76,1,C,0
157,360.79,1,A,1
158,499.36,1,B,1
159,315.49,0,D,1
160,466.39,1,A,1
161,273.28,0,C,0
162,53.22,1,C,0
163,336.0,1,D,1
164,251.19,1,C,0
165,22.28,0,D,0
166,30.81,1,B,0
167,385.99,1,C,1
168,25.13,0,D,0
169,143.84,0,C,0
170,191.13,0,A,0
171,139.8,1,C,0
172,290.26,1,D,1
173,150.79,1,B,0
174,129.57,0,C,0
175,122.08,0,D,0
176,140.24,0,A,0
177,15.7,0,B,0
178,74.83,1,D,0
179,51.2,0,D,0
180,347.84,0,A,1
181,102.93,1,B,0
182,100.74,0,A,0
183,401.17,0,B,1
184,253.52,0,D,0
185,417.04,0,B,1
186,402.93,0,C,1
187,64.53,0,A,0
188,483.22,1,B,1
189,248.6,1,C,0
190,261.17,1,D,0
191,370.66,0,B,1
192,171.46,0,A,0
193,340.86,1,B,1
194,76.46,1,C,0
195,248.77,0,B,0
196,399.71,1,A,1
197,316.0,0,A,1
198,95.04,0,B,0
199,161.98,1,C,0
200,90.86,0,C,0
201,154.79,0,D,0
202,499.25,0,D,1
203,335.17,1,C,1
204,257.47,0,B,0
205,222.36,1,D,0
206,377.3,0,B,1
207,345.7,1,C,1
208,183.62,0,A,0
209,421.67,0,C,1
210,432.16,1,B,1
211,409.28,1,D,1
212,161.45,0,D,0
213,19.21,1,C,0
214,46.92,1,D,0
215,327.87,0,C,1
216,146.39,1,B,0
217,454.05,0,C,1
218,238.26,1,D,0
219,416.91,1,D,1
220,133.19,0,B,0
221,85.9,0,D,0
222,339.66,0,A,1
223,269.54,0,C,0
224,283.79,1,A,0
225,133.15,0,B,0
226,368.84,1,C,1
227,283.95,0,A,0
228,360.74,1,D,1
229,284.53,0,B,0
230,211.12,1,A,0
231,42.63,1,A,0
232,386.35,0,A,1
233,72.83,0,D,0
234,152.1,1,A,0
235,301.83,1,A,1
236,379.21,1,B,1
237,263.36,1,D,0
238,461.31,0,D,1
239,149.0,0,B,0
240,237.09,0,B,0
241,212.35,1,A,0
242,376.51,1,B,1
243,196.85,1,B,0
244,110.97,0,D,0
245,187.61,1,B,0
246,88.16,0,D,0
247,90.85,1,B,0
248,491.59,1,D,1
249,163.11,0,B,0
250,89.86,0,C,0
251,209.77,1,D,0
252,343.59,0,C,1
253,467.69,1,B,1
254,329.02,0,C,1
255,414.51,1,A,1
256,17.93,1,C,0
257,356.58,0,C,1
258,356.85,1,C,1
259,44.55,0,B,0
260,498.12,0,C,1
261,70.66,0,D,0
262,207.48,1,C,0
263,205.27,0,C,0
264,157.73,0,B,0
265,176.72,0,D,0
266,255.15,1,C,0
267,461.7,1,B,1
268,292.47,1,D,1
269,332.07,1,C,1
270,222.42,1,B,0
271,315.58,1,B,1
272,207.89,0,D,0
273,155.53,0,B,0
274,231.99,1,A,0
275,466.87,0,B,1
276,239.38,0,D,0
277,215.5,1,A,0
278,144.46,1,D,0
279,140.76,0,D,0
280,391.3,0,B,1
281,48.01,0,B,0
282,470.39,0,D,1
283,75.17,0,C,0
284,212.01,1,A,0
285,464.0,0,A,1
286,110.21,1,A,0
287,444.54,0,B,1
288,298.97,1,D,1
289,325.47,0,C,1
290,418.32,0,A,1
291,237.69,1,D,0
292,380.34,1,D,1
293,394.19,1,D,1
294,380.02,0,A,1
295,118.93,1,C,0
296,414.68,0,A,1
297,271.39,0,D,0
298,218.49,0,C,0
299,38.98,1,B,0
300,410.86,0,C,1
301,457.45,1,B,1
302,102.25,0,C,0
303,45.11,1,B,0
304,442.89,1,C,1
305,224.62,0,C,0
306,295.99,0,A,1
307,492.85,0,C,1
308,465.95,1,A,1
309,77.11,1,A,0
310,325.06,1,B,1
311,354.62,0,D,1
312,331.99,1,A,1
313,262.18,1,A,0
314,87.54,0,B,0
315,29.7,1,C,0
316,28.74,1,D,0
317,62.41,1,D,0
318,147.33,1,B,0
319,290.84,1,C,1
320,371.14,0,B,1
321,276.19,1,B,0
322,57.29,0,C,0
323,187.71,0,A,0
324,227.45,0,B,0
325,162.27,1,D,0
326,488.2,1,C,1
327,304.41,1,C,1
328,126.49,0,B,0
329,330.74,1,C,1
330,97.88,1,A,0
331,91.77,1,B,0
332,396.95,0,C,1
333,195.51,0,D,0
334,191.67,0,A,0
335,372.67,0,D,1
336,316.47,1,C,1
337,13.54,1,D,0
338,276.38,1,B,0
339,234.14,0,A,0
340,194.01,0,C,0
341,114.59,1,C,0
342,487.55,1,B,1
343,468.75,0,C,1
344,38.23,1,D,0
345,442.54,1,B,1
346,304.48,0,A,1
347,28.35,1,A,0
348,497.63,0,D,1
349,292.02,0,B,1
350,220.6,0,C,0
351,477.48,0,D,1
352,216.45,1,B,0
353,375.4,0,D,1
354,278.59,0,B,0
355,396.46,0,D,1
356,199.62,0,D,0
357,165.39,0,A,0
358,365.41,1,B,1
359,345.98,0,D,1
360,266.62,1,C,0
361,37.09,1,C,0
362,171.7,0,D,0
363,412.42,0,A,1
364,299.64,0,A,1
365,433.1,0,C,1
366,151.01,1,D,0
367,439.67,1,D,1
368,116.95,1,C,0
369,38.02,1,C,0
370,280.07,0,B,0
371,386.29,0,B,1
372,226.05,1,A,0
373,400.04,0,A,1
374,238.28,1,A,0
375,460.06,0,B,1
376,279.16,0,D,0
377,382.12,1,C,1
378,248.15,0,A,0
379,272.8,1,C,0
380,92.97,1,D,0
381,149.62,1,A,0
382,359.33,0,D,1
383,490.26,0,D,1
384,217.42,1,B,0
385,214.22,0,A,0
386,11.77,1,C,0
387,127.12,0,D,0
388,74.57,0,D,0
389,408.62,0,D,1
390,120.05,1,B,0
391,106.47,0,D,0
392,127.38,1,D,0
393,248.84,1,A,0
394,148.22,1,A,0
395,285.16,1,C,0
396,214.61,0,A,0
397,495.24,0,B,1
398,250.06,1,C,0
399,494.79,1,C,1
400,280.38,0,C,0
401,62.39,0,C,0
402,239.41,0,B,0
403,228.1,0,B,0
404,206.09,0,C,0
405,317.34,0,A,1
406,226.3,0,C,0
407,444.72,0,C,1
408,123.57,1,D,0
409,52.19,0,A,0
410,338.75,0,A,1
411,219.06,0,C,0
412,481.52,1,C,1
413,493.52,0,D,1
414,322.38,1,B,1
415,90.57,1,B,0
416,414.78,0,C,1
417,278.14,1,B,0
418,169.39,1,B,0
419,462.31,0,B,1
420,429.65,0,B,1
421,395.7,1,B,1
422,443.39,0,C,1
423,257.66,0,C,0
424,376.21,1,C,1
425,185.37,1,B,0
426,58.44,1,B,0
427,409.66,0,C,1
428,57.07,1,C,0
429,213.07,0,A,0
430,125.15,1,D,0
431,364.84,1,D,1
432,362.7,1,C,1
433,81.17,0,A,0
434,412.62,0,C,1
435,483.06,0,B,1
436,21.25,0,C,0
437,184.57,0,C,0
438,356.46,1,C,1
439,14.22,1,B,0
440,39.56,0,D,0
441,383.22,0,B,1
442,481.41,0,B,1
443,321.53,0,B,1
444,343.2,0,C,1
445,43.41,1,B,0
446,457.14,0,C,1
447,254.59,0,B,0
448,444.42,0,A,1
449,325.64,1,B,1
450,47.89,0,B,0
451,326.51,0,A,1
452,358.24,0,B,1
453,206.75,1,A,0
454,20.93,0,D,0
455,143.73,0,D,0
456,192.5,0,A,0
457,358.31,0,B,1
458,424.25,1,C,1
459,204.07,0,B,0
460,306.66,0,B,1
461,246.91,1,D,0
462,74.79,1,C,0
463,496.74,1,C,1
464,316.19,1,A,1
465,45.49,1,B,0
466,422.3,1,D,1
467,279.76,0,A,0
468,128.56,0,A,0
469,474.86,1,D,1
470,319.38,0,B,1
471,63.77,1,B,0
472,418.8,1,A,1
473,162.68,0,C,0
474,318.73,1,B,1
475,50.92,1,A,0
476,422.68,0,B,1
477,329.87,0,C,1
478,488.96,0,D,1
479,107.45,0,C,0
480,358.43,1,B,1
481,446.65,1,B,1
482,206.56,0,D,0
483,97.12,0,B,0
484,264.49,1,D,0
485,429.34,0,D,1
486,423.37,1,D,1
487,369.26,1,D,1
488,226.57,0,D,0
489,89.06,1,C,0
490,65.23,0,A,0
491,353.69,0,B,1
492,132.45,1,B,0
493,103.22,0,C,0
494,455.06,1,A,1
495,124.98,1,A,0
496,254.6,1,D,0
497,499.45,0,A,1
498,37.03,0,C,0
499,177.08,0,D,0
500,259.67,1,B,0
501,182.48,1,A,0
502,340.09,1,C,1
503,256.16,0,B,0
504,188.34,0,D,0
505,23.51,1,A,0
506,441.15,0,A,1
507,120.19,1,D,0
508,180.71,1,A,0
509,262.44,0,D,0
510,285.44,1,B,1
511,284.0,0,A,0
512,287.76,0,B,1
513,182.95,0,C,0
514,155.89,0,C,0
515,288.65,0,B,1
516,379.99,0,B,1
517,249.47,1,C,0
518,28.4,1,B,0
519,144.77,0,B,0
520,297.06,1,B,1
521,203.14,0,A,0
522,417.68,1,B,1
523,152.19,1,A,0
524,235.79,0,D,0
525,297.48,1,D,1
526,476.74,1,A,1
527,266.42,1,D,0
528,256.26,1,B,0
529,123.34,0,A,0
530,185.16,0,C,0
531,230.2,0,C,0
532,453.79,0,D,1
533,484.13,1,C,1
534,237.13,0,A,0
535,17.33,1,B,0
536,149.94,1,C,0
537,78.63,1,A,0
538,22.16,0,D,0
539,163.37,0,C,0
540,16.27,0,C,0
541,165.52,0,B,0
542,115.82,1,B,0
543,425.61,0,C,1
544,185.21,0,D,0
545,427.16,1,A,1
546,284.78,0,D,0
547,375.66,1,C,1
548,314.15,1,D,1
549,193.05,0,D,0
550,407.01,1,D,1
551,478.39,1,B,1
552,470.08,0,B,1
553,22.08,1,A,0
554,98.46,0,D,0
555,206.0,0,C,0
556,393.14,0,C,1
557,221.94,1,D,0
558,460.21,1,C,1
559,204.66,0,C,0
560,193.16,1,C,0
561,191.68,1,A,0
562,365.03,1,A,1
563,205.09,1,B,0
564,453.93,1,A,1
565,498.1,0,D,1
566,194.98,1,A,0
567,209.71,1,A,0
568,457.91,1,A,1
569,294.08,0,C,1
570,355.0,0,B,1
571,323.99,0,B,1
572,186.99,0,D,0
573,303.13,1,C,1
574,171.18,0,B,0
575,58.17,0,C,0
576,208.02,0,C,0
577,431.45,0,B,1
578,229.22,1,C,0
579,327.73,0,A,1
580,116.47,0,D,0
581,100.64,0,A,0
582,82.9,0,D,0
583,370.92,0,D,1
584,297.92,0,C,1
585,264.25,0,A,0
586,249.06,1,B,0
587,410.31,1,B,1
588,282.67,0,C,0
589,256.79,0,A,0
590,79.56,0,B,0
591,171.54,0,D,0
592,496.5,0,B,1
593,151.49,1,A,0
594,371.22,0,B,1
595,247.58,1,D,0
596,419.87,0,D,1
597,125.02,0,B,0
598,435.86,0,D,1
599,34.56,1,D,0
600,325.78,0,B,1
601,426.33,1,D,1
602,215.05,1,B,0
603,250.9,1,D,0
604,445.29,0,A,1
605,372.79,1,B,1
606,481.73,0,C,1
607,253.42,1,A,0
608,49.32,1,B,0
609,281.82,1,C,0
610,330.39,1,B,1
611,410.77,1,A,1
612,441.03,1,B,1
613,408.13,1,D,1
614,229.23,1,A,0
615,316.55,1,B,1
616,377.67,0,A,1
617,156.77,1,B,0
618,46.54,0,D,0
619,406.19,0,D,1
620,332.87,0,D,1
621,173.84,1,C,0
622,217.27,1,B,0
623,400.26,1,C,1
624,345.69,0,D,1
625,182.26,0,A,0
626,19.8,1,A,0
627,122.87,0,D,0
628,123.85,1,B,0
629,165.9,0,B,0
630,94.39,1,B,0
631,33.42,0,D,0
632,242.82,1,D,0
633,93.79,1,A,0
634,487.1,0,B,1
635,150.97,0,A,0
636,234.29,1,B,0
637,350.4,0,D,1
638,353.6,1,C,1
639,471.89,0,C,1
640,194.32,1,D,0
641,149.73,1,D,0
642,461.91,1,A,1
643,339.96,0,A,1
644,39.59,0,A,0
645,449.99,0,A,1
646,213.02,1,C,0
647,466.45,0,D,1
648,331.68,1,D,1
649,164.42,0,C,0
650,281.68,1,B,0
651,230.89,1,D,0
652,453.7,0,D,1
653,423.48,1,C,1
654,281.27,1,B,0
655,72.18,0,A,0
656,236.13,0,B,0
657,171.3,0,D,0
658,233.87,1,C,0
659,425.26,0,C,1
660,114.18,0,C,0
661,219.48,1,D,0
662,242.13,1,D,0
663,456.84,1,A,1
664,42.67,0,D,0
665,308.24,1,C,1
666,15.32,0,B,0
667,216.64,1,B,0
668,399.91,1,C,1
669,129.25,1,A,0
670,420.98,1,C,1
671,241.65,0,D,0
672,247.46,0,C,0
673,88.58,0,D,0
674,31.32,1,A,0
675,186.98,0,B,0
676,213.74,1,A,0
677,225.97,1,D,0
678,411.49,0,D,1
679,305.62,0,B,1
680,174.03,1,A,0
681,68.97,0,B,0
682,95.64,0,A,0
683,40.6,0,C,0
684,257.91,0,C,0
685,477.01,0,D,1
686,295.65,0,C,1
687,309.74,1,C,1
688,481.97,0,B,1
689,260.86,1,B,0
690,152.48,1,A,0
691,248.5,0,B,0
692,169.58,1,A,0
693,465.72,0,D,1
694,470.87,1,B,1
695,387.38,1,C,1
696,431.45,1,A,1
697,383.09,1,B,1
698,133.44,0,D,0
699,169.35,0,D,0
700,38.94,1,D,0
701,319.8,0,B,1
702,472.5,0,C,1
703,220.37,0,D,0
704,427.97,0,C,1
705,335.06,0,C,1
706,308.86,1,C,1
707,281.77,1,D,0
708,392.08,1,B,1
709,438.86,0,B,1
710,492.22,1,B,1
711,229.73,1,A,0
712,458.67,1,D,1
713,309.04,0,C,1
714,130.45,0,C,0
715,165.46,0,B,0
716,220.21,0,D,0
717,307.58,1,A,1
718,185.7,0,C,0
719,474.43,1,C,1
720,434.21,1,D,1
721,44.79,0,D,0
722,384.96,1,D,1
723,43.24,1,C,0
724,363.7,1,B,1
725,90.62,0,A,0
726,29.61,0,C,0
727,426.02,0,D,1
728,380.02,0,A,1
729,58.42,0,B,0
730,452.22,0,C,1
731,34.77,0,A,0
732,421.18,1,D,1
733,303.3,1,A,1
734,320.21,1,A,1
735,42.19,0,C,0
736,391.0,1,B,1
737,265.26,1,C,0
738,283.06,0,A,0
739,90.89,0,C,0
740,111.54,1,C,0
741,233.65,0,A,0
742,430.7,1,B,1
743,32.44,1,C,0
744,206.69,1,C,0
745,233.93,0,C,0
746,368.17,1,A,1
747,230.15,1,B,0
748,16.47,0,A,0
749,221.75,0,A,0
750,346.96,1,A,1
751,396.22,0,B,1
752,83.29,0,C,0
753,160.83,0,C,0
754,300.71,0,B,1
755,475.26,0,A,1
756,334.96,1,B,1
757,494.81,0,B,1
758,222.82,0,C,0
759,450.18,0,C,1
760,120.32,1,D,0
761,200.99,1,A,0
762,424.51,1,D,1
763,311.52,1,D,1
764,130.12,0,C,0
765,445.15,0,B,1
766,327.29,0,A,1
767,18.0,0,D,0
768,248.85,0,A,0
769,20.54,0,C,0
770,442.8,1,C,1
771,210.59,0,B,0
772,346.47,0,B,1
773,129.63,1,A,0
774,190.3,0,C,0
775,182.64,1,A,0
776,291.2,0,D,1
777,350.34,1,A,1
778,65.93,1,C,0
779,28.74,0,B,0
780,81.09,1,B,0
781,113.04,1,A,0
782,172.14,0,B,0
783,410.95,0,D,1
784,465.58,1,C,1
785,314.2,1,D,1
786,196.72,0,D,0
787,432.46,1,C,1
788,192.48,0,D,0
789,365.53,1,C,1
790,177.03,1,A,0
791,464.82,0,D,1
792,427.77,1,C,1
793,360.52,0,D,1
794,461.74,1,C,1
795,42.23,1,C,0
796,227.27,0,C,0
797,133.06,1,A,0
798,456.24,0,C,1
799,379.59,1,C,1
800,82.57,1,A,0
801,60.08,1,D,0
802,440.21,1,D,1
803,486.09,0,A,1
804,466.73,0,D,1
805,315.89,1,B,1
806,13.09,1,A,0
807,66.54,1,B,0
808,318.0,1,C,1
809,186.77,0,B,0
810,191.53,1,B,0
811,402.28,1,D,1
812,336.25,0,C,1
813,158.29,1,D,0
814,325.54,0,A,1
815,273.85,1,A,0
816,68.9,1,D,0
817,191.1,0,D,0
818,466.66,0,D,1
819,46.14,1,D,0
820,465.61,1,D,1
821,344.52,0,A,1
822,209.09,0,A,0
823,301.44,0,B,1
824,399.98,1,D,1
825,202.0,0,B,0
826,174.11,1,A,0
827,326.37,1,B,1
828,128.41,1,D,0
829,346.17,0,A,1
830,32.35,1,C,0
831,120.48,0,B,0
832,45.08,0,D,0
833,163.41,1,A,0
834,168.54,1,D,0
835,14.17,1,A,0
836,56.72,1,B,0
837,337.22,1,A,1
838,394.5,1,A,1
839,123.51,1,C,0
840,297.33,0,A,1
841,120.36,1,B,0
842,192.62,0,A,0
843,205.74,0,A,0
844,484.75,1,C,1
845,301.84,1,B,1
846,166.24,0,A,0
847,67.46,1,C,0
848,61.36,1,C,0
849,300.56,1,D,1
850,93.89,1,A,0
851,313.54,1,A,1
852,174.73,1,B,0
853,254.17,1,A,0
854,176.57,0,D,0
855,449.04,0,C,1
856,158.36,1,B,0
857,293.08,0,B,1
858,145.36,1,A,0
859,263.61,0,A,0
860,169.48,1,A,0
861,359.42,0,C,1
862,125.02,1,A,0
863,123.0,1,A,0
864,148.65,1,A,0
865,294.21,1,A,1
866,175.55,1,D,0
867,154.01,0,C,0
868,47.12,0,D,0
869,12.97,1,A,0
870,237.51,0,A,0
871,179.63,1,C,0
872,15.84,1,A,0
873,181.38,1,B,0
874,13.75,0,C,0
875,238.35,1,D,0
876,301.2,0,D,1
877,124.23,1,B,0
878,307.04,1,C,1
879,435.22,0,A,1
880,251.23,0,D,0
881,401.78,1,A,1
882,450.49,0,D,1
883,79.95,1,A,0
884,218.52,0,D,0
885,304.13,1,D,1
886,403.16,0,A,1
887,169.63,0,C,0
888,75.69,1,C,0
889,275.05,0,D,0
890,247.01,0,D,0
891,120.07,1,C,0
892,93.06,0,B,0
893,482.54,1,C,1
894,349.84,1,A,1
895,283.08,1,D,0
896,393.74,0,B,1
897,119.57,1,C,0
898,448.98,1,C,1
899,372.19,0,A,1
900,205.4,0,B,0
901,30.44,1,B,0
902,271.72,1,A,0
903,342.4,1,B,1
904,342.5,0,B,1
905,438.54,1,B,1
906,188.16,1,A,0
907,310.94,0,D,1
908,95.77,0,C,0
909,491.3,1,C,1
910,186.87,1,D,0
911,291.71,1,D,1
912,208.59,1,D,0
913,439.75,1,B,1
914,170.48,0,D,0
915,434.34,1,B,1
916,157.29,0,B,0
917,489.34,0,A,1
918,317.99,0,B,1
919,356.33,0,D,1
920,44.82,1,D,0
921,17.27,1,C,0
922,484.35,0,A,1
923,109.39,0,A,0
924,291.68,1,D,1
925,441.91,1,C,1
926,299.45,1,A,1
927,298.95,1,A,1
928,207.6,0,D,0
929,155.5,1,C,0
930,97.88,1,D,0
931,413.44,1,A,1
932,323.13,0,A,1
933,489.29,0,C,1
934,336.78,0,A,1
935,92.25,0,D,0
936,415.15,1,D,1
937,452.62,0,D,1
938,175.67,0,A,0
939,376.98,1,A,1
940,231.81,0,A,0
941,355.71,1,B,1
942,302.09,1,A,1
943,482.57,0,A,1
944,432.72,0,B,1
945,190.16,1,A,0
946,80.09,0,A,0
947,371.7,0,D,1
948,112.55,1,B,0
949,389.04,0,D,1
950,421.18,1,B,1
951,280.97,1,A,0
952,470.22,1,B,1
953,340.2,1,A,1
954,279.12,0,B,0
955,462.31,1,B,1
956,339.41,0,D,1
957,452.48,0,B,1
958,49.25,1,A,0
959,327.18,1,A,1
960,328.91,1,C,1
961,63.7,0,D,0
962,233.91,0,C,0
963,297.25,0,A,1
964,458.38,1,C,1
965,447.78,1,C,1
966,162.81,0,B,0
967,304.58,1,A,1
968,220.09,0,C,0
969,119.43,1,B,0
970,263.65,0,A,0
971,49.88,0,C,0
972,321.62,0,D,1
973,321.32,0,D,1
974,130.23,1,C,0
975,411.77,1,B,1
976,328.73,0,D,1
977,224.02,1,B,0
978,483.67,0,A,1
979,408.43,1,C,1
980,236.49,1,D,0
981,82.78,0,B,0
982,59.09,1,C,0
983,51.81,1,A,0
984,338.61,1,A,1
985,433.08,0,C,1
986,240.84,0,A,0
987,297.68,1,A,1
988,16.59,0,C,0
989,180.6,1,C,0
990,104.52,1,C,0
991,81.31,0,D,0
992,228.63,1,B,0
993,497.57,0,B,1
994,340.03,1,C,1
995,90.29,0,B,0
996,405.06,1,D,1
997,405.62,0,C,1
998,368.91,0,B,1
999,341.42,1,A,1
1000,388.04,1,C,1
1001,381.26,1,D,1
1002,100.2,0,B,0
1003,123.1,1,A,0
1004,51.28,0,C,0
1005,266.66,0,A,0
1006,477.85,1,A,1
1007,409.55,0,B,1
1008,23.17,0,B,0
1009,146.16,0,B,0
1010,163.0,0,B,0
1011,444.8,0,A,1
1012,499.95,1,C,1
1013,371.14,0,C,1
1014,194.28,0,D,0
1015,212.92,1,B,0
1016,234.88,0,A,0
1017,477.69,1,A,1
1018,195.99,1,A,0
1019,412.26,1,A,1
1020,130.06,1,D,0
1021,48.38,0,A,0
1022,213.81,0,B,0
1023,456.77,0,B,1
1024,179.58,0,C,0
1025,310.27,1,C,1
1026,146.76,0,D,0
1027,197.04,0,C,0
1028,126.9,1,B,0
1029,252.96,0,C,0
1030,398.06,0,A,1
1031,70.75,0,B,0
1032,56.53,1,B,0
1033,145.89,1,C,0
1034,165.06,0,C,0
1035,231.07,1,D,0
1036,115.23,1,C,0
1037,45.74,0,C,0
1038,32.39,1,D,0
1039,446.46,0,D,1
1040,385.53,1,D,1
1041,84.61,0,C,0
1042,363.17,1,B,1
1043,495.27,0,A,1
1044,382.4,1,C,1
1045,210.44,0,C,0
1046,230.68,0,C,0
1047,141.86,0,D,0
1048,473.19,0,D,1
1049,334.12,1,D,1
1050,292.94,0,C,1
1051,271.26,0,C,0
1052,147.06,0,C,0
1053,108.95,1,A,0
1054,495.0,1,C,1
1055,361.89,0,D,1
1056,469.63,0,C,1
1057,122.87,1,A,0
1058,445.47,1,D,1
1059,170.75,0,B,0
1060,492.95,0,A,1
1061,471.95,0,C,1
1062,52.19,1,B,0
1063,91.18,1,A,0
1064,245.14,1,B,0
1065,248.28,1,D,0
1066,425.08,0,B,1
1067,48.37,1,B,0
1068,286.6,1,A,1
1069,90.44,0,B,0
1070,134.18,1,D,0
1071,37.93,1,B,0
1072,387.52,0,C,1
1073,372.8,1,B,1
1074,316.22,1,B,1
1075,486.21,0,D,1
1076,258.21,1,B,0
1077,46.58,1,B,0
1078,432.02,1,B,1
1079,102.12,0,D,0
1080,62.85,0,D,0
1081,293.9,1,D,1
1082,426.89,1,B,1
1083,286.57,0,A,0
1084,223.87,1,A,0
1085,78.23,0,A,0
1086,65.72,0,B,0
1087,462.02,1,D,1
1088,87.05,1,C,0
1089,489.98,0,A,1
1090,444.1,0,B,1
1091,480.62,0,C,1
1092,259.29,1,D,0
1093,334.88,1,B,1
1094,398.75,0,A,1
1095,180.29,1,B,0
1096,402.83,1,C,1
1097,130.35,0,A,0
1098,129.59,1,D,0
1099,363.04,0,B,1
1100,407.4,1,A,1
1101,339.75,0,C,1
1102,342.03,0,B,1
1103,402.8,1,A,1
1104,417.3,0,C,1
1105,296.32,0,B,1
1106,445.74,1,A,1
1107,366.97,1,A,1
1108,410.74,1,C,1
1109,113.38,0,C,0
1110,33.17,1,C,0
1111,72.27,0,D,0
1112,360.54,1,C,1
1113,315.49,1,A,1
1114,75.2,1,B,0
1115,40.44,0,C,0
1116,481.9,1,A,1
1117,40.87,1,B,0
1118,472.21,0,A,1
1119,357.11,1,B,1
1120,382.41,0,C,1
1121,357.51,1,B,1
1122,300.24,1,B,1
1123,225.8,0,D,0
1124,482.48,0,D,1
1125,13.94,0,D,0
1126,114.5,0,B,0
1127,324.22,1,C,1
1128,410.87,1,D,1
1129,319.65,0,D,1
1130,117.94,0,D,0
1131,187.54,0,C,0
1132,438.41,0,A,1
1133,491.89,1,D,1
1134,463.46,1,D,1
1135,42.25,0,D,0
1136,77.64,1,D,0
1137,348.79,0,C,1
1138,146.8,1,B,0
1139,43.05,0,D,0
1140,406.89,1,D,1
1141,426.99,0,B,1
1142,378.81,0,A,1
1143,98.51,0,B,0
1144,374.59,1,D,1
1145,233.35,0,A,0
1146,294.78,0,B,1
1147,443.3,1,C,1
1148,235.72,1,A,0
1149,280.54,1,A,0
1150,15.69,1,D,0
1151,293.24,0,B,1
1152,302.48,1,C,1
1153,128.53,0,B,0
1154,93.34,0,C,0
1155,121.38,0,B,0
1156,374.11,1,C,1
1157,213.9,1,D,0
1158,388.86,0,D,1
1159,130.34,0,D,0
1160,430.88,0,A,1
1161,213.84,1,C,0
1162,145.26,0,C,0
1163,424.1,0,C,1
1164,117.91,1,D,0
1165,232.66,1,A,0
1166,316.9,1,D,1
1167,219.96,0,B,0
1168,271.02,1,A,0
1169,143.96,0,A,0
1170,22.61,0,C,0
1171,206.79,0,D,0
1172,490.11,0,D,1
1173,466.75,1,D,1
1174,495.87,0,D,1
1175,312.61,0,D,1
1176,477.79,1,D,1
1177,371.65,1,D,1
1178,209.12,1,B,0
1179,121.56,1,C,0
1180,226.31,0,C,0
1181,341.81,0,C,1
1182,332.74,1,B,1
1183,319.84,1,B,1
1184,457.64,1,B,1
1185,146.38,0,A,0
1186,233.96,1,C,0
1187,115.68,1,A,0
1188,475.45,0,C,1
1189,76.74,1,B,0
1190,91.67,0,B,0
1191,12.7,1,A,0
1192,208.29,0,C,0
1193,293.45,0,B,1
1194,104.43,0,C,0
1195,40.51,1,D,0
1196,283.23,0,C,0
1197,231.86,1,A,0
1198,492.56,0,D,1
1199,352.27,1,C,1
1200,448.53,0,C,1
1201,98.89,0,B,0
1202,43.93,1,B,0
1203,29.29,1,D,0
1204,323.43,1,B,1
1205,393.55,0,C,1
1206,487.78,0,D,1
1207,272.55,1,B,0
1208,343.71,0,A,1
1209,366.35,1,C,1
1210,332.92,1,D,1
1211,283.04,1,B,0
1212,385.84,1,C,1
1213,425.93,1,C,1
1214,443.53,1,A,1
1215,218.3,0,C,0
1216,88.83,0,D,0
1217,90.16,0,B,0
1218,93.89,0,C,0
1219,310.62,0,A,1
1220,226.01,0,A,0
1221,341.82,1,C,1
1222,161.41,1,A,0
1223,70.49,1,B,0
1224,42.45,0,A,0
1225,179.32,1,B,0
1226,43.81,0,C,0
1227,433.97,0,C,1
1228,292.11,1,D,1
1229,93.49,1,A,0
1230,315.94,0,C,1
1231,428.26,1,C,1
1232,405.89,1,C,1
1233,48.03,1,B,0
1234,66.06,1,A,0
1235,456.94,0,C,1
1236,159.46,0,A,0
1237,131.3,0,B,0
1238,460.12,1,C,1
1239,192.26,0,B,0
1240,340.74,1,C,1
1241,336.04,0,D,1
1242,332.59,0,C,1
1243,150.4,1,A,0
1244,483.91,1,B,1
1245,240.83,0,D,0
1246,146.65,0,C,0
1247,288.66,0,B,1
1248,79.07,1,A,0
1249,300.38,0,D,1
1250,128.59,1,C,0
1251,313.43,0,D,1
1252,132.52,0,C,0
1253,347.83,1,D,1
1254,466.41,1,A,1
1255,490.79,1,D,1
1256,276.72,0,D,0
1257,436.12,0,B,1
1258,89.97,0,B,0
1259,150.52,1,C,0
1260,404.94,1,D,1
1261,428.45,0,D,1
1262,91.59,1,C,0
1263,373.16,0,A,1
1264,57.77,0,B,0
1265,24.04,1,C,0
1266,387.4,0,D,1
1267,19.64,0,A,0
1268,12.48,0,D,0
1269,447.1,1,D,1
1270,282.1,0,D,0
1271,100.96,1,D,0
1272,168.94,0,C,0
1273,377.89,1,D,1
1274,162.08,0,D,0
1275,222.16,1,B,0
1276,322.33,1,B,1
1277,335.2,1,C,1
1278,49.65,0,A,0
1279,382.75,1,D,1
1280,348.17,1,A,1
1281,65.98,0,A,0
1282,63.27,0,A,0
1283,439.37,0,A,1
1284,314.69,0,B,1
1285,199.46,0,C,0
1286,334.24,0,B,1
1287,418.2,1,C,1
1288,376.12,0,B,1
1289,257.48,1,B,0
1290,18.23,1,A,0
1291,225.96,0,D,0
1292,237.01,1,D,0
1293,77.5,0,D,0
1294,362.39,1,B,1
1295,172.15,1,C,0
1296,258.99,1,C,0
1297,381.01,1,A,1
1298,332.7,0,D,1
1299,37.51,0,D,0
1300,471.23,1,D,1
1301,329.44,0,A,1
1302,58.83,1,B,0
1303,178.47,1,D,0
1304,95.52,0,D,0
1305,236.2,1,A,0
1306,226.73,0,B,0
1307,460.26,1,A,1
1308,363.74,0,B,1
1309,317.0,1,D,1
1310,233.84,0,B,0
1311,381.32,1,D,1
1312,415.07,1,A,1
1313,415.35,1,A,1
1314,90.82,0,D,0
1315,152.66,0,C,0
1316,294.49,0,C,1
1317,179.57,1,B,0
1318,235.63,0,D,0
1319,331.13,0,B,1
1320,201.2,1,C,0
1321,243.3,0,A,0
1322,74.01,0,D,0
1323,161.01,0,C,0
1324,493.13,1,B,1
1325,219.85,0,A,0
1326,321.84,1,D,1
1327,71.11,0,B,0
1328,279.06,1,B,0
1329,285.56,0,C,0
1330,260.52,1,B,0
1331,479.61,0,D,1
1332,225.4,1,A,0
1333,387.99,1,B,1
1334,82.56,1,D,0
1335,28.8,1,C,0
1336,485.78,0,B,1
1337,358.35,0,A,1
1338,466.69,0,C,1
1339,420.79,0,D,1
1340,60.49,0,D,0
1341,86.91,1,B,0
1342,323.63,0,A,1
1343,357.77,1,D,1
1344,410.71,1,C,1
1345,218.12,1,A,0
1346,51.7,1,B,0
1347,15.41,0,C,0
1348,434.1,0,A,1
1349,24.25,1,B,0
1350,412.12,1,C,1
1351,445.5,1,A,1
1352,490.73,0,A,1
1353,277.89,0,A,0
1354,210.38,0,C,0
1355,140.35,0,B,0
1356,403.74,1,B,1
1357,359.91,0,C,1
1358,174.08,0,B,0
1359,401.01,0,D,1
1360,94.63,0,B,0
1361,181.91,0,B,0
1362,434.59,0,B,1
1363,197.42,1,D,0
1364,486.43,1,C,1
1365,241.89,1,A,0
1366,119.15,1,B,0
1367,110.3,0,C,0
1368,49.71,0,B,0
1369,171.16,1,C,0
1370,355.43,0,D,1
1371,489.61,0,A,1
1372,310.29,1,B,1
1373,73.43,0,A,0
1374,88.38,1,B,0
1375,292.57,1,D,1
1376,97.71,1,A,0
1377,11.53,1,A,0
1378,339.93,0,D,1
1379,170.29,0,C,0
1380,189.12,0,C,0
1381,364.0,1,C,1
1382,467.63,1,D,1
1383,215.49,1,B,0
1384,264.59,0,A,0
1385,138.41,1,C,0
1386,69.02,1,A,0
1387,249.78,1,D,0
1388,213.89,1,D,0
1389,318.24,0,D,1
1390,117.86,1,C,0
1391,331.67,1,A,1
1392,426.36,0,D,1
1393,153.08,0,D,0
1394,418.16,1,D,1
1395,30.88,1,A,0
1396,497.98,0,D,1
1397,338.83,1,C,1
1398,242.92,1,A,0
1399,414.33,0,C,1
1400,352.23,0,A,1
1401,291.99,0,B,1
1402,351.99,1,D,1
1403,423.75,0,B,1
1404,298.63,1,C,1
1405,406.28,0,C,1
1406,404.48,1,A,1
1407,48.11,1,B,0
1408,346.83,0,D,1
1409,377.12,0,C,1
1410,216.93,0,D,0
1411,448.04,0,D,1
1412,226.24,1,C,0
1413,458.02,0,C,1
1414,201.11,0,D,0
1415,59.01,0,A,0
1416,417.81,0,A,1
1417,351.06,0,A,1
1418,61.9,1,C,0
1419,337.66,1,A,1
1420,387.97,0,B,1
1421,181.59,0,C,0
1422,35.94,0,D,0
1423,110.68,0,C,0
1424,355.69,0,C,1
1425,145.21,0,B,0
1426,76.09,0,A,0
1427,240.93,0,B,0
1428,287.33,0,C,1
1429,248.85,1,B,0
1430,29.17,0,B,0
1431,350.75,0,B,1
1432,308.2,1,A,1
1433,168.68,1,D,0
1434,468.42,1,B,1
1435,234.0,1,A,0
1436,138.56,0,C,0
1437,297.3,0,C,1
1438,428.21,0,D,1
1439,308.8,0,C,1
1440,277.66,0,C,0
1441,469.83,0,D,1
1442,186.38,0,C,0
1443,144.55,1,C,0
1444,398.94,1,A,1
1445,21.43,1,C,0
1446,437.36,0,C,1
1447,159.69,0,C,0
1448,39.75,1,B,0
1449,142.53,0,D,0
1450,325.07,1,B,1
1451,307.28,1,A,1
1452,259.24,1,A,0
1453,292.14,1,B,1
1454,183.68,1,D,0
1455,397.22,0,A,1
1456,141.19,0,D,0
1457,67.23,0,B,0
1458,191.44,0,B,0
1459,275.48,1,C,0
1460,459.57,1,D,1
1461,41.08,0,A,0
1462,108.99,1,A,0
1463,31.72,0,D,0
1464,223.15,0,D,0
1465,267.09,1,C,0
1466,428.95,1,B,1
1467,29.94,0,A,0
1468,272.52,1,B,0
1469,382.29,0,D,1
1470,327.05,0,C,1
1471,75.22,1,D,0
1472,279.7,0,D,0
1473,460.56,0,C,1
1474,380.46,1,C,1
1475,497.28,0,B,1
1476,42.31,0,B,0
1477,57.41,1,B,0
1478,25.53,0,C,0
1479,48.82,0,C,0
1480,161.04,0,D,0
1481,290.12,0,A,1
1482,137.41,0,C,0
1483,88.95,0,D,0
1484,342.6,1,C,1
1485,438.74,0,B,1
1486,201.58,0,C,0
1487,186.14,0,D,0
1488,236.66,0,A,0
1489,373.06,0,B,1
1490,212.27,0,A,0
1491,291.49,1,D,1
1492,247.39,1,A,0
1493,483.57,1,A,1
1494,483.38,0,C,1
1495,203.05,1,A,0
1496,347.78,0,C,1
1497,306.68,1,C,1
1498,349.7,1,A,1
1499,98.84,0,A,0
1500,110.63,0,D,0
1501,469.96,0,D,1
1502,314.08,1,B,1
1503,64.53,1,A,0
1504,187.08,0,D,0
1505,267.28,0,B,0
1506,402.46,0,B,1
1507,194.34,0,A,0
1508,486.86,1,B,1
1509,90.56,1,B,0
1510,250.03,0,B,0
1511,452.48,0,B,1
1512,109.55,0,C,0
1513,149.1,0,C,0
1514,27.78,1,D,0
1515,453.48,1,C,1
1516,44.44,1,D,0
1517,175.95,0,B,0
1518,369.26,0,C,1
1519,154.49,1,C,0
1520,119.85,1,A,0
1521,436.22,1,A,1
1522,165.21,1,A,0
1523,21.41,1,C,0
1524,294.88,0,A,1
1525,379.96,1,B,1
1526,440.25,0,C,1
1527,192.58,1,B,0
1528,334.8,0,D,1
1529,309.0,0,B,1
1530,479.06,1,D,1
1531,302.95,1,D,1
1532,67.85,0,B,0
1533,404.46,0,C,1
1534,168.49,0,A,0
1535,385.7,1,B,1
1536,25.52,1,B,0
1537,26.87,0,A,0
1538,93.4,0,C,0
1539,278.11,0,B,0
1540,338.74,0,D,1
1541,423.83,1,A,1
1542,395.99,1,A,1
1543,383.37,0,D,1
1544,66.38,0,D,0
1545,494.01,1,B,1
1546,452.86,0,B,1
1547,355.7,0,C,1
1548,291.93,1,A,1
1549,445.31,1,D,1
1550,65.86,1,A,0
1551,231.24,0,B,0
1552,211.28,1,B,0
1553,315.64,1,A,1
1554,299.19,1,C,1
1555,123.41,1,C,0
1556,315.54,0,A,1
1557,120.24,1,A,0
1558,155.92,1,B,0
1559,266.8,1,C,0
1560,97.84,1,B,0
1561,347.02,0,C,1
1562,238.92,0,D,0
1563,108.03,0,B,0
1564,208.32,1,D,0
1565,63.46,1,C,0
1566,271.91,0,A,0
1567,444.51,1,D,1
1568,254.38,1,B,0
1569,425.74,1,D,1
1570,305.69,0,C,1
1571,412.09,0,A,1
1572,257.99,0,A,0
1573,372.14,1,D,1
1574,237.61,1,D,0
1575,138.58,1,D,0
1576,287.21,0,D,1
1577,377.58,0,C,1
1578,327.93,0,D,1
1579,332.56,0,C,1
1580,68.01,1,A,0
1581,123.65,1,A,0
1582,377.98,0,A,1
1583,432.74,0,B,1
1584,190.36,0,A,0
1585,56.55,1,C,0
1586,420.63,0,C,1
1587,93.0,0,C,0
1588,398.72,0,A,1
1589,402.31,1,D,1
1590,278.22,0,A,0
1591,67.67,1,A,0
1592,149.12,1,D,0
1593,429.39,1,C,1
1594,441.28,0,D,1
1595,244.91,1,B,0
1596,65.62,1,A,0
1597,108.68,1,C,0
1598,489.02,0,A,1
1599,261.83,1,D,0
1600,115.0,1,A,0
1601,231.24,0,B,0
1602,225.46,0,D,0
1603,42.68,1,C,0
1604,417.52,1,C,1
1605,146.09,1,B,0
1606,140.47,1,B,0
1607,278.34,0,B,0
1608,304.59,1,B,1
1609,183.66,0,C,0
1610,396.89,0,D,1
1611,456.0,1,D,1
1612,180.04,1,B,0
1613,451.73,0,D,1
1614,444.11,0,B,1
1615,94.0,0,B,0
1616,81.88,1,D,0
1617,186.83,1,C,0
1618,49.44,1,D,0
1619,99.06,0,C,0
1620,33.92,0,C,0
1621,97.04,1,A,0
1622,348.61,0,C,1
1623,105.91,1,D,0
1624,146.95,1,C,0
1625,255.97,0,C,0
1626,442.31,1,B,1
1627,416.09,1,B,1
1628,185.39,1,B,0
1629,206.38,1,A,0
1630,228.9,0,C,0
1631,83.26,1,A,0
1632,224.25,0,A,0
1633,60.26,1,C,0
1634,490.24,0,B,1
1635,210.62,0,B,0
1636,314.89,1,D,1
1637,172.98,0,D,0
1638,121.34,0,C,0
1639,93.21,1,B,0
1640,242.53,0,A,0
1641,124.29,0,A,0
1642,423.08,1,A,1
1643,140.11,0,B,0
1644,64.07,0,D,0
1645,13.55,1,A,0
1646,257.49,0,B,0
1647,292.18,1,A,1
1648,471.35,0,A,1
1649,288.02,0,C,1
1650,491.91,0,A,1
1651,98.18,1,D,0
1652,219.83,1,A,0
1653,488.27,0,B,1
1654,62.02,1,B,0
1655,210.12,1,C,0
1656,324.65,1,C,1
1657,490.57,1,D,1
1658,126.63,1,B,0
1659,251.25,0,A,0
1660,453.99,0,A,1
1661,390.42,1,D,1
1662,85.03,1,D,0
1663,154.55,0,D,0
1664,330.04,0,A,1
1665,156.84,1,D,0
1666,318.65,0,A,1
1667,288.91,0,D,1
1668,367.77,0,B,1
1669,433.34,1,D,1
1670,369.65,0,A,1
1671,26.7,0,D,0
1672,193.24,1,C,0
1673,293.37,1,D,1
1674,138.68,0,B,0
1675,58.34,1,B,0
1676,401.81,0,C,1
1677,17.74,0,A,0
1678,434.7,0,B,1
1679,454.82,1,C,1
1680,152.41,1,D,0
1681,256.8,1,D,0
1682,178.02,1,D,0
1683,468.03,0,B,1
1684,429.09,1,B,1
1685,122.14,1,A,0
1686,404.32,1,B,1
1687,167.03,1,C,0
1688,467.23,0,C,1
1689,288.36,0,B,1
1690,27.86,1,B,0
1691,342.44,0,C,1
1692,235.17,1,D,0
1693,479.78,1,C,1
1694,120.94,0,C,0
1695,48.55,1,A,0
1696,248.54,1,A,0
1697,393.92,1,D,1
1698,184.68,1,B,0
1699,290.64,0,C,1
1700,157.9,0,D,0
1701,222.34,0,C,0
1702,43.2,0,C,0
1703,77.05,1,A,0
1704,413.12,0,C,1
1705,128.11,0,B,0
1706,359.43,0,A,1
1707,121.99,1,D,0
1708,313.9,1,D,1
1709,280.26,1,C,0
1710,221.21,1,B,0
1711,44.14,1,C,0
1712,456.15,1,D,1
1713,44.15,0,D,0
1714,52.45,1,B,0
1715,426.19,0,B,1
1716,92.52,0,A,0
1717,230.69,0,A,0
1718,27.17,1,A,0
1719,84.39,1,B,0
1720,369.09,1,C,1
1721,271.5,0,C,0
1722,266.25,1,B,0
1723,409.19,1,B,1
1724,407.7,1,A,1
1725,492.68,1,C,1
1726,332.67,0,A,1
1727,134.2,0,A,0
1728,159.07,1,C,0
1729,361.94,0,B,1
1730,261.53,0,D,0
1731,186.07,0,B,0
1732,123.99,1,A,0
1733,203.27,0,D,0
1734,460.4,0,B,1
1735,379.99,1,B,1
1736,415.76,1,B,1
1737,193.04,0,D,0
1738,23.57,0,A,0
1739,115.12,0,A,0
1740,363.21,0,C,1
1741,191.39,0,A,0
1742,465.88,0,A,1
1743,310.62,0,D,1
1744,382.72,1,D,1
1745,390.49,1,D,1
1746,294.55,1,C,1
1747,274.88,1,B,0
1748,51.82,0,C,0
1749,198.53,1,D,0
1750,248.65,1,D,0
1751,242.24,0,C,0
1752,307.28,0,A,1
1753,77.89,1,C,0
1754,293.85,0,C,1
1755,269.6,0,A,0
1756,78.75,0,B,0
1757,201.41,0,A,0
1758,252.88,0,C,0
1759,499.43,1,C,1
1760,26.46,0,A,0
1761,221.52,0,A,0
1762,346.63,0,B,1
1763,491.01,0,B,1
1764,462.51,0,B,1
1765,260.62,0,A,0
1766,265.34,0,C,0
1767,237.44,1,A,0
1768,210.73,1,B,0
1769,279.07,1,D,0
1770,416.89,1,A,1
1771,436.52,0,D,1
1772,233.46,0,B,0
1773,308.21,0,D,1
1774,394.04,1,A,1
1775,291.43,0,C,1
1776,245.52,1,A,0
1777,148.29,1,C,0
1778,113.17,1,C,0
1779,51.0,1,A,0
1780,233.91,0,C,0
1781,84.09,1,B,0
1782,27.76,1,B,0
1783,492.88,0,C,1
1784,254.45,0,A,0
1785,478.83,0,D,1
1786,272.32,1,B,0
1787,447.83,1,A,1
1788,234.64,0,D,0
1789,322.81,1,C,1
1790,279.89,1,A,0
1791,193.73,0,D,0
1792,118.97,0,B,0
1793,188.71,0,C,0
1794,445.58,0,D,1
1795,166.78,0,D,0
1796,54.08,0,A,0
1797,351.43,1,A,1
1798,196.91,0,D,0
1799,406.63,1,D,1
1800,479.97,0,D,1
1801,489.62,1,C,1
1802,460.55,1,B,1
1803,378.74,0,D,1
1804,485.51,0,A,1
1805,31.78,1,C,0
1806,250.83,0,A,0
1807,25.63,0,B,0
1808,263.42,1,C,0
1809,136.83,0,C,0
1810,130.37,1,C,0
1811,78.1,1,B,0
1812,44.54,0,A,0
1813,61.06,0,C,0
1814,413.61,0,A,1
1815,104.49,1,D,0
1816,74.01,0,B,0
1817,190.4,0,A,0
1818,327.83,0,A,1
1819,316.9,0,B,1
1820,234.24,1,A,0
1821,372.52,0,A,1
1822,27.96,0,D,0
1823,488.19,0,C,1
1824,393.62,1,C,1
1825,261.0,1,B,0
1826,148.22,1,B,0
1827,282.3,0,D,0
1828,293.01,0,A,1
1829,300.87,0,C,1
1830,193.03,1,B,0
1831,62.1,1,C,0
1832,452.92,1,C,1
1833,156.79,1,A,0
1834,363.08,1,D,1
1835,76.39,0,D,0
1836,99.88,0,D,0
1837,197.06,0,D,0
1838,488.14,1,C,1
1839,63.0,1,B,0
1840,408.05,0,C,1
1841,327.57,0,A,1
1842,416.64,1,A,1
1843,181.65,1,D,0
1844,189.4,1,B,0
1845,100.94,1,B,0
1846,326.9,1,A,1
1847,453.36,0,B,1
1848,180.14,1,D,0
1849,407.3,0,D,1
1850,56.5,0,A,0
1851,227.05,0,D,0
1852,459.24,0,D,1
1853,227.53,0,B,0
1854,458.57,1,D,1
1855,462.15,0,A,1
1856,354.54,1,D,1
1857,144.25,0,A,0
1858,409.16,1,B,1
1859,173.25,1,C,0
1860,124.84,0,A,0
1861,478.15,0,D,1
1862,479.85,1,D,1
1863,73.38,0,D,0
1864,416.06,0,B,1
1865,101.84,0,C,0
1866,441.61,0,C,1
1867,371.88,1,D,1
1868,28.6,0,D,0
1869,137.53,1,C,0
1870,89.41,1,B,0
1871,120.14,1,B,0
1872,400.91,0,B,1
1873,239.78,1,B,0
1874,166.09,1,A,0
1875,227.64,1,D,0
1876,458.32,1,B,1
1877,226.65,1,A,0
1878,197.4,0,D,0
1879,403.28,1,B,1
1880,260.52,0,D,0
1881,429.27,1,C,1
1882,257.18,1,B,0
1883,298.6,0,C,1
1884,160.82,1,B,0
1885,471.82,0,C,1
1886,459.5,1,A,1
1887,69.05,1,A,0
1888,335.8,0,A,1
1889,202.78,1,C,0
1890,365.59,0,D,1
1891,363.29,1,A,1
1892,401.31,1,C,1
1893,332.27,1,D,1
1894,133.19,1,D,0
1895,69.52,1,B,0
1896,475.47,1,D,1
1897,87.47,1,D,0
1898,301.58,0,C,1
1899,132.81,0,C,0
1900,471.48,0,C,1
1901,237.27,0,A,0
1902,284.21,0,B,0
1903,176.12,0,C,0
1904,406.7,0,D,1
1905,493.26,1,B,1
1906,216.14,1,B,0
1907,418.48,0,B,1
1908,340.94,0,D,1
1909,306.22,0,D,1
1910,471.1,1,C,1
1911,171.74,1,D,0
1912,496.62,1,D,1
1913,316.12,1,A,1
1914,450.0,1,B,1
1915,216.29,1,C,0
1916,329.24,0,A,1
1917,382.53,1,D,1
1918,476.63,1,D,1
1919,221.83,1,B,0
1920,361.65,0,C,1
1921,287.81,0,B,1
1922,183.63,1,D,0
1923,401.4,0,B,1
1924,423.97,1,D,1
1925,178.43,1,D,0
1926,255.51,1,C,0
1927,318.95,1,C,1
1928,328.19,0,C,1
1929,312.91,0,D,1
1930,91.55,0,C,0
1931,366.65,0,D,1
1932,150.2,1,C,0
1933,143.65,1,C,0
1934,452.34,0,C,1
1935,70.38,0,A,0
1936,472.26,0,B,1
1937,293.53,1,C,1
1938,111.67,1,C,0
1939,411.99,0,D,1
1940,322.02,1,D,1
1941,137.93,0,C,0
1942,219.25,0,B,0
1943,124.26,0,C,0
1944,290.64,1,B,1
1945,264.64,0,C,0
1946,185.43,1,D,0
1947,403.33,0,C,1
1948,385.3,1,C,1
1949,118.22,1,B,0
1950,118.63,1,B,0
1951,294.86,1,C,1
1952,190.33,0,B,0
1953,197.56,0,A,0
1954,472.38,0,A,1
1955,393.21,0,C,1
1956,21.07,1,B,0
1957,416.55,0,B,1
1958,378.16,1,D,1
1959,419.23,1,C,1
1960,347.46,1,D,1
1961,30.88,0,B,0
1962,33.01,1,C,0
1963,418.65,1,C,1
1964,65.93,0,D,0
1965,236.9,0,A,0
1966,315.64,1,A,1
1967,413.72,0,D,1
1968,185.82,1,D,0
1969,280.99,0,C,0
1970,105.51,1,B,0
1971,408.04,0,A,1
1972,258.63,1,C,0
1973,394.75,0,C,1
1974,147.23,0,D,0
1975,338.82,1,C,1
1976,221.98,1,D,0
1977,257.02,0,A,0
1978,30.51,0,D,0
1979,447.15,0,D,1
1980,466.05,1,D,1
1981,487.0,1,B,1
1982,189.31,1,D,0
1983,77.02,0,D,0
1984,286.59,1,B,1
1985,25.63,1,D,0
1986,270.78,1,C,0
1987,273.16,0,D,0
1988,343.11,0,B,1
1989,464.18,0,B,1
1990,497.62,0,C,1
1991,215.3,1,C,0
1992,333.73,0,B,1
1993,410.45,0,A,1
1994,119.71,0,D,0
1995,82.54,1,A,0
1996,360.47,0,B,1
1997,170.22,1,B,0
1998,56.04,1,C,0
1999,23.0,1,D,0
2000,133.52,0,A,0
